area_code,avg_hhsize_2019
W06000001 ,2.215501
W06000002 ,2.201373
W06000003 ,2.164712
W06000004 ,2.258608
W06000005 ,2.321011
W06000006 ,2.286616
W06000023 ,2.171312
W06000008 ,2.215166
W06000009 ,2.207191
W06000010 ,2.259261
W06000011 ,2.201854
W06000012 ,2.267942
W06000013 ,2.29262
W06000014 ,2.2541
W06000015 ,2.293509
W06000016 ,2.256759
W06000024 ,2.386201
W06000018 ,2.338439
W06000019 ,2.214985
W06000020 ,2.298434
W06000021 ,2.289423
W06000022 ,2.312889
